4bf1ee8da09076b0d7f329d4,
4a881b38f964a5202c0520e3,
54261db9498eabdbcf6c22a5,
4b9c301ef964a520f45236e3,
4a6919b4f964a5209fcb1fe3,
414e1d80f964a520dd1c1fe3,
40b13b00f964a5201cf41ee3,
3fd66200f964a52075f11ee3,
49e5e3def964a520e2631fe3,
49d60301f964a520a65c1fe3,
41fd7500f964a5204e1f1fe3,
441be59cf964a5204c311fe3,
40b13b00f964a5207cf41ee3,
40b13b00f964a52027f41ee3,
410c3280f964a520b30b1fe3,
52897917498eae1270097fb0,
510de142e4b0ca91f2f8b669,
5307fc98498e6e37e09d23e0,
4aebb2ebf964a52077c421e3,
40b13b00f964a52047f41ee3,
4c79e2bd566db60cedaa460e,
41326e00f964a520430d1fe3,
4ac0fd13f964a520509520e3,
50672306e4b03c3d3aba7c80,
556a4736498e742234d41471,
4a330364f964a520eb9a1fe3,
40b3de00f964a52016001fe3,
4a6a72fbf964a5207bcd1fe3,
55390c7c498e5c63a1376fb4,
4adba524f964a520b72921e3,
51cf8bfb498e0f0cae450de2,
49e794cef964a520cc641fe3,
4a5b53eaf964a52003bb1fe3,
40b13b00f964a520aaf41ee3,
410ed580f964a520cf0b1fe3,
4cf99602084f54810a027609,
5540047c498e1a8c728f3612,
4dd596b2d4c05d5096bcb643,
540b9c50498eadd8be7ea4b1,
53fdefe5498e524aa279ddd3,
4e4e6cb3bd4101d0d7a967,
4fbb9ed4e4b055f4b2f4b570,
4bef71b3d1b7d13afbd4cdec,
40b13b00f964a520a0f41ee3,
4e812db0823143eeac315e57,
4708fa5af964a520684b1fe3,
4f0f0f940039a4c198967f3d,
4a665a3cf964a52071c81fe3,
40b13b00f964a520d0f41ee3,
52b872f911d29ad9c6ec2dea,
40b13b00f964a520f2f41ee3,
513a9d88e4b0aa86f3b270,
4e7cc983814d486217ae4768,
542eed09498e0f6206a68f1a,
40b3de00f964a5201e001fe3,
4f0cde6ee4b0575167dfe779,
4a8f4fe7f964a520db1420e3,
4a502b10f964a52004b01fe3,
3fd66200f964a520d2f11ee3,
4a29fb4af964a520fd951fe3,
52017ae6498eb69dd3a69cff,
4ebbfe504fc61a72fca70b7c,
49ba7795f964a52066531fe3,
4e76b8cbfa7605970194e367,
545aba38498eb1e87142f804,
53ed662a498e4e94573eb294,
55d0b3b4498e5e99b84be866,
526ebd5e11d280106e91b2a3,
5169ffe1498e05224b502c50,
51a954a7498ef99d6b9875dc,
4c5b5a636147be9ae8878c09,
54404dd2498e13ae02267ac9,
4bdd1f26b0f5c928cfd04be3,
52c8457d498eaad41f2a1469,
53ef5f6f498ea6fcd9783027,
4ad5d6c2f964a520b20321e3,
524c4ff98bbdd710122a6c64,
557a0801498ef3eed499ba96,
558c9263498e24a84a6ec245,
4cbf179097bc721eab7c8367,
4d1ffdb4dd6a236a53f73338,
538a80ca498ee9aa7b7aa0a0,
4eb2b5c2490126a57058105a,
4b2c3dd8f964a52078c424e3,
53ab5a71498e6ff2262cd7f3,
40e4a580f964a520f0091fe3,
4bf0569fa09076b012b129d4,
50c62fe9e4b078192331546a,
4a954a29f964a520de2220e3,
52d89cc9498e31e45143fff0,
4a24be9bf964a5203e7e1fe3,
4b5c7053f964a520e02f29e3,
50fbe7b7e4b084af5c01457c,
50ddff55e4b03fabdf051f03,
4a9ddee2f964a520b93920e3,
4d3b454449cb236a1a90c247,
4a7793e2f964a520d7e41fe3,
4b0b22a4f964a5207d2d23e3,
4a6f8e4af964a52080d61fe3,
4edd597f9adfe5cbe2b5cbfd,
40b13b00f964a52033f41ee3,
4a58bc70f964a520bcb71fe3,
4d50c596c305b60ceeaa891e,
55aeac09498e7e70bfc81b89,
4a42c077f964a5202fa61fe3,
4e6fe6a01838d30a8277ee9b,
4f32831719836c91c7df040a,
4ad0f5b9f964a5207ddb20e3,
40b13b00f964a52056f41ee3,
4a5fc82af964a52037c01fe3,
4a6398b6f964a52069c51fe3,
443bc104f964a5202a321fe3,
4a9e9e57f964a520a13a20e3,
4ae1e89af964a5209e8821e3,
553ec55f498e03267eea8af3,
4a5e592cf964a52068be1fe3,
40b13b00f964a5208ff41ee3,
4e1cec54a809ef911eb77991,
557c50d2498ed26458bc50b1,
54ef1f12498ee0f30a9e48b6,
51bbae58498e3c72c6f699,
4b7ae6d6f964a520e9442fe3,
40b13b00f964a520b0f41ee3,
40b13b00f964a52046f31ee3,
4c3515d97cc0c9b65f7cf49a,
4b06e1c6f964a5201bf222e3,
52276eb311d23242fa3164b7,
428bd700f964a5209a231fe3,
4a971c5ef964a520842820e3,
3fd66200f964a52047f11ee3,
40b13b00f964a52079f71ee3,
42eeb780f964a520ac261fe3,
4f322d4b19836c91c7bdbad9,
50d26845e4b006c46d3cecf1,
4b09da40f964a520bc1e23e3,
4bf7f6965efe2d7f38cb6934,
4f314112e4b040aec91a7f7c,
4abe8149f964a520188e20e3,
50737344e4b076441e91b367,
4a075333f964a5204b731fe3,
511552cce4b01450d54e8153,
5307d8d311d23e94733fce6d,
4bd616205631c9b6324ea530,
52af7ec3498e293fc4b851d0,
4b933e8cf964a520083d34e3,
4a411c4ff964a520c8a41fe3,
520feda8498e45cc13f2f4ab,
4a194bd8f964a5200f7a1fe3,
465b42cdf964a52027471fe3,
4a7cbde9f964a5206ded1fe3,
454a14f8f964a5209e3c1fe3,
44196facf964a52026311fe3,
4b0f208df964a520765f23e3,
5116d2ffe4b0543c89b398ce,
4ad79df7f964a520d60c21e3,
50905502d63e87c2d3448e35,
49f38bd0f964a520b66a1fe3,
5150d045e4b0269751cf7c91,
49e51f71f964a520a0631fe3,
4a7396aef964a520e21fe3,
52d7210f498e11715af81cef,
4d18dac6f4ee6a311a204a12,
4b61cc95f964a52097232ae3,
3fd66200f964a520aaf11ee3,
52c62720498eced049e38f0d,
4a23b274f964a520da7d1fe3,
4a8b2f32f964a520b10b20e3,
4a561b68f964a52072b41fe3,
4aa9916df964a520535420e3,
4a31a6e4f964a5200e9a1fe3,
525ef28511d2818a08ff667f,
4b2abff964a520d6ae24e3,
4a750244f964a52044e01fe3,
4adfba52f964a520097d21e3,
4a4eb693f964a520f4ae1fe3,
4a5b500cf964a520faba1fe3,
4b3d40f5f964a520039125e3,
3fd66200f964a520d5f11ee3,
53d0cd8b498e918e6593f87c,
4b203546f964a520b52e24e3,
4ae11229f964a520088521e3,
4cdf4b8870bba1cf0866c4,
41366280f964a520c41a1fe3,
46ac4856f964a52070491fe3,
4ea5571c93ad755e38284286,
46790719f964a520f3471fe3,
4aece19cf964a52002cc21e3,
4b5a2ce3f964a52024b228e3,
4b2c2787f964a520c9c224e3,
4aeb1a22f964a52062be21e3,
40b13b00f964a52029f41ee3,
40b13b00f964a5202bf41ee3,
53b4995e498eb8b9a225ff81,
46157d1df964a52044451fe3,
46859824f964a52039481fe3,
4d8f68d1fa943704d8ca19c6,
4aec89ddf964a52073c821e3,
4a8b282ff964a5209b0b20e3,
45abe701f964a52056411fe3,
40b13b00f964a520b5f41ee3,
4c0063a08c1076b0b7182071,
4f0b1efa6d8670840ec885ed,
4e0322da81b799d171058c,
55d49d6e498e27cd892db0c4,
53b34b37498e4a924514f03c,
4a9b1144f964a520493420e3,
52fe5ea8498e09775865b665,
5061e28fe4b05742d112cf23,
4fa6ffd7e4b028d55b312b9d,
4d55921d9e508cfaa9cc019b,
40ccea80f964a5201a011fe3,
50f2ded2e4b0afae24a616,
4acf885bf964a52054d420e3,
49e7911ff964a520c4641fe3,
4a075261f964a52049731fe3,
4b31793ef964a520980725e3,
4f86dae6e4b089f0563c5c8c,
49ba795ff964a5206a531fe3,
4a7370fbf964a520721fe3,
4a8733b7f964a520370320e3,
4d5d58541da1cbffbf9b2405,
55b51d84498ea78af0dd4c9a,
4f78c885e4b06bb77faad11a,
4c07cfdba9c076b086763923,
4a3d43b0f964a52008a21fe3,
545ab26e498ee895b4fce37c,
4e0ea417e4cd27fc7d323989,
4f9b346b6b74df5cf1d5c0c3,
4a8212f964a5207cf81fe3,
49ba7862f964a52068531fe3,
4b1fe701f964a520862a24e3,
4a61e6aff964a520a3c21fe3,
4c76c5cff20c199c0d6fb299,
40b13b00f964a5200bf41ee3,
4ba21ba0f964a5203337e3,
4bba0ad6cf2fc9b6260ca102,
4af2042cf964a5202ee521e3,
4a8c8166f964a520470e20e3,
49dd4a38f964a520fa5f1fe3,
49c12729f964a52086551fe3,
4aa06751f964a520813f20e3,
4a566b45f964a5201eb51fe3,
40b13b00f964a52023f41ee3,
49f7bdd2f964a520d96c1fe3,
4acb7d5af964a520eec320e3,
4b9931faf964a520d26835e3,
4b06105cf964a5202be822e3,
4e8dde00b8f71a700b4b6034,
51aa1468498e3ea198cc9ed7,
534079a2498e9a7be7705d6b,
527087a111d2aed069a8e4e9,
4c06fc128b4520a15b518697,
5092671a498ec2f62c1a96da,
45498bfbf964a520923c1fe3,
4b22e4d7f964a520c64f24e3,
4b3fc05ef964a520dfad25e3,
4c5b4f9f7735c9b639698972,
556f6351498e88c34ecd12a9,
4ac3f982f964a520b79d20e3,
4f260dfbe4b0717a6a171687,
40b52f80f964a5205d001fe3,
457e785ff964a520373f1fe3,
3fd66200f964a520eff01ee3,
53407ac1498e37d365a70348,
503532358aca10f34944e063,
4b2aca24f964a520b0af24e3,
4ac6254af964a520f8b220e3,
4331f400f964a520fe271fe3,
4a761decf964a52047e21fe3,
40b3de00f964a5201a001fe3,
40be6a00f964a520c7001fe3,
4f0c6f0b0cd60c521005e5dd,
4a959ceef964a520df2320e3,
4a9463b2f964a5206c2120e3,
50ca02bf245f2d4aa8c2b145,
4afaecf964a520206321e3,
559ffacd498eba3d2cb52035,
4828ee45dd264552b1d402,
40b13b00f964a520c3f41ee3,
4cb783f5bac937046d2bd57c,
4a9bff93f964a520ab3520e3,
52cf4a9a498e3779a30ff04c,
54cd8aac498eee1d265780b8,
4af20d86f964a52082e521e3,
4b574b9ef964a520d52f28e3,
4bca23c53740b713e2276065,
4c7448e866be6dcb3f51bd0f,
4bf57208cad2c9281c109d99,
4d1a56152910236abaa63cbc,
49de53eff964a52043601fe3,
4ad75586f964a520970921e3,
506b19b3e4b04c2e39a76d58,
4a5f6a5af964a52088bf1fe3,
4b761135f964a5206d3a2ee3,
524afe4311d222132bcd446d,
50e25a86e4b08db5ac456f00,
554fe6ef498e35d643cb7c8f,
40b13b00f964a52045f31ee3,
4b1fe10ff964a520262a24e3,
4bd6e50c1728986e8d29b735,
5473c03a498e4a60bde4d44a,
4a29682df964a5208b951fe3,
4e2f1069ae60231c03295038,
40b13b00f964a520c4f41ee3,
454a1734f964a5209f3c1fe3,
49e1a56af964a520e4611fe3,
40b13b00f964a520daf41ee3,
40b13b00f964a520dff41ee3,
40b13b00f964a520f3f41ee3,
53aed2f7498e812851397496,
43f44496f964a5209c2f1fe3,
4a777441f964a5208ce41fe3,
526707e6498e51e23f56af9b,
4b4bda2df964a5209da926e3,
3fd66200f964a520cff01ee3,
5098495be4b02377e43996a7,
4afcb9d9f964a520652522e3,
4b660847f964a520a00f2be3,
4bf05bafa09076b0b129d4,
49ea8c10f964a52079661fe3,
556a4572498e618f7f64e48c,
4af52c87f964a52086f821e3,
4af99f00f964a5209d1222e3,
5224d92e8bbd808c34f1e52d,
4a1b038bf964a520bf7a1fe3,
4aa1b1baf964a520764120e3,
412a8500f964a520880c1fe3,
4a345574f964a520169c1fe3,
46b17e5ff964a5209a491fe3,
51153143e4b0d82aad11fe8a,
40b13b00f964a52045f71ee3,
4a7e1566f964a520e6f01fe3,
4bd92874e914a593a5da55fa,
504f505564a47064ed1948b1,
4f5fd3dae4b0c27826eb4263,
4da5c3610cb6d75e29fe7d5f,
40b13b00f964a52025f41ee3,
3fd66200f964a520c4f01ee3,
49ff733ef964a52027701fe3,
4ca6b9ed44a8224bfd990640,
4b3a8196f964a520e66825e3,
40b13b00f964a52044f41ee3,
3fd66200f964a520b3f11ee3,
40b13b00f964a52023f51ee3,
4b7875a3f964a520dacf2ee3,
5011c677e4b01be62152c452,
509056b8d63e87c2d344ad12,
50bfd553e4b0b88ccdb1dfc4,
4cdd7346930af04d89389697,
53c1df498eb5bf28fbb769,
4a6a7385f964a5207d1fe3,
522a9a0511d2b2f9a85cedb4,
40b13b00f964a5206ff71ee3,
40b13b00f964a5208cf41ee3,
51e72024498ef2f273cfeb58,
4e4e45d7bd4101d0d7a68a73,
412a8500f964a520740c1fe3,
4a70f0d6f964a520d5d81fe3,
4ba17ce1f964a5204fbb37e3,
4a29adb9f964a520bf951fe3,
4eb1a556f9f43874813354f1,
4a7cd86cf964a520d9ed1fe3,
40b13b00f964a52066f41ee3,
4a383749f964a520d09e1fe3,
40b13b00f964a5206cf41ee3,
542a1a23498e54fc39f093bb,
42911d00f964a5200d241fe3,
515b624ae4b002796af9d867,
5097f56a70438789d319687a,
4a6b69f6f964a520b1ce1fe3,
4b5a74a7f964a5202fc628e3,
53c2a1ce498eaf43f91af602,
49f3f501f964a520f36a1fe3,
4a7875ebf964a520b1e51fe3,
51004c0de4b08abe47e24225,
49ee54f4f964a5204c681fe3,
441be740f964a5204d311fe3,
4b1ef474f964a520082224e3,
4e28cab7cc3f09bcb8653fc2,
5427772d498e2d89dfca0af2,
4bca95d90687ef3b8671cc,
49ff7494f964a52028701fe3,
4aa9837ef964a520065420e3,
4d7f9ba4b25d6b9dd1d042,
44d4c65cf964a52052361fe3,
40b3de00f964a5202b001fe3,
55a2e00d498eb4ced3d94a8d,
40b13b00f964a52095f41ee3,
410c3280f964a520b00b1fe3,
4aeb8831f964a5201dc321e3,
4af31de5f964a520d2ea21e3,
55a83647498e953514ea7c6a,
4b68cda7f964a520bf8d2be3,
4ba598f3f964a520521539e3,
4a77c9c5f964a5201de51fe3,
4a1dd3f964a5209b7b1fe3,
5536a127498e11ce5c725194,
3fd66200f964a520c5ed1ee3,
5432db62498ee31baa6f5a67,
4af43a88f964a520b8f021e3,
45569618387d1bd53a5f6c,
45a756e3f964a52014411fe3,
53bb2549498eef5da2bcae3c,
528fe1a5498eba71d4957543,
4ae13bc0f964a520c38521e3,
4b5a014df964a52029a728e3,
4ab2e5cdf964a520e16c20e3,
52face7a11d2061bec6c557a,
507ecb60e4b03990f65d936e,
49fdd6d1f964a520326f1fe3,
5169fcb3e4b0c0ff87bfa39b,
4b3e2a8cf964a5200b9925e3,
428d2880f964a520ad231fe3,
4aa6f33bf964a5209f4b20e3,
4a411589f964a520bfa41fe3,
531b657e498ec9de9b7aafa1,
41293380f964a5206c0c1fe3,
4a99b874f964a520003020e3,
53cf1c56498e8b7355e6c5e5,
4af385b8f964a5205cee21e3,
444ead36f964a52094321fe3,
40b13b00f964a520fcf41ee3,
49e3bf81f964a520c5621fe3,
4d0793a69b7f60fc0d340cab,
51084cf4183f4521c6fce14b,
3fd66200f964a520eef01ee3,
4a7831a2f964a52041e51fe3,
51e726e2498e0bf4f4ae0812,
4bf02ed0a09076b026ab29d4,
49e4b504f964a5201d631fe3,
4a61ffbaf964a520c21fe3,
4a4eae6ff964a520ecae1fe3,
4fc775e4b0e0780305ad1a,
4d596a2e56f2b60c2def782f,
4a5a4d91f964a52020ba1fe3,
51170a3ee4b02ebaf458c6da,
4b76f204f964a520366d2ee3,
4cf830698df52c0f57b795be,
5335a825498e1c3ce14feec8,
4a9ad24df964a520f83220e3,
4e83a5009adf2d8426cd2501,
4e0cd9921f6e9300e4ea777c,
4a32d53bf964a5209f9a1fe3,
4a469855f964a5202aa91fe3,
4a521abaf964a52041b11fe3,
4e7fabb24690db1d41b6c283,
40b13b00f964a52061f41ee3,
40b13b00f964a5209bf41ee3,
4f7dda93e4b0308060a689fc,
5342cff8498ec8e5e6944d94,
4b5cb1c0f964a520e63e29e3,
50a597f9e4b05b355c3e39a8,
4b0c108af964a520533623e3,
49d1b87af964a520955b1fe3,
4a91588ff964a520f11920e3,
4a510887f964a52078b01fe3,
52fec77d498e86167885bcd1,
4a8f1e5bf964a520071420e3,
4af48a60f964a520a7f321e3,
50db5971f136b35ed072993b,
40b13b00f964a52039f41ee3,
4a7bde74f964a520d3eb1fe3,
4d5181dd994dba7af86d15ec,
5006c3cce4b001c9255a9cf0,
4b06e15df964a52010f222e3,
3fd66200f964a520d0f01ee3,
49e8c379f964a52075651fe3,
4a3d95e3f964a5207ba21fe3,
4cdf65a9db125481081937ce,
4b0601e0f964a52058e722e3,
4a416e1bf964a5204ba51fe3,
4aa831faf964a520f84f20e3,
543da9ef498e3726db8e9f09,
53e42f7a498e40c7e22ae7f6,
4e1200903151650b2ef86b19,
49f4930bf964a520196b1fe3,
49e4f407f964a52079631fe3,
4b07610df964a520e4fc22e3,
4f7a3deee4b0747c653b4a52,
40b13b00f964a52064f41ee3,
53061f09498ee08364bc8004,
4a54d3bef964a52054b31fe3,
51391241e4b022a7bdf444e6,
412fcb00f964a520260d1fe3,
4b7b517ff964a5200f5e2fe3,
4c1020e581e976b06aad0eeb,
51e6cc968bbd57377daeb1cf,
4b61bda7f964a520cc1f2ae3,
5186eb3e498e6894892041c1,
4c49cc676f1420a17ea91c56,
5261d1d011d2671a7f1f4065,
4b462cbcf964a5200d1926e3,
40b13b00f964a520a3f41ee3,
5407cd00498e37e256e74792,
4726e041f964a5204b1fe3,
51b7841d498eb126fa215f55,
4cc06998acd48cfa21114a3f,
Nick's Riverside Grille,
51707d99e4b05d1b5fd11563,
534b0e25498eb12c1e59248a,
54d52cb6498ea948f60fa551,
4b709cbbf964a5203e252de3,
40b13b00f964a52085f41ee3,
5145d957e4b01c663f7e92fd,
52f30411d20d6aa7cb6474,
514e7048e4b08735d4b9ad8f,
4a908796f964a5205f1820e3,
53876274498e6b48ca80819f,
4e285c07d4c0e361d9dd4dab,
532250e3498ea3d05807a045,
4a50472bf964a5200bb01fe3,
4fc59cd9aad2717c91fa7881,
540914498e51f0a4e76839,
4afde2aef964a520bf2b22e3,
40b3de00f964a5201b001fe3,
4f289885e4b0b8874fec91d6,
40f47780f964a5207c0a1fe3,
4abac16ff964a520cc8220e3,
49e36366f964a52073621fe3,
40b13b00f964a52042f31ee3,
4bf05c8fa09076b0fcb129d4,
52bf8b3011d218de8b507677,
4afc541df964a5209a2122e3,
4ab42637f964a520197020e3,
4b1a9856f964a52010ed23e3,
4c141d227f7f2d7f9661e068,
40b13b00f964a52019f51ee3,
40b13b00f964a52020f51ee3,
542de92e498e75861ee4505b,
519c4adb498e0774090adff7,
49d24352f964a520a05b1fe3,
4c093303bbc676b011c347d5,
512ec098e4b09a951ca42a0f,
4b5a5a02f964a5204fbf28e3,
49ea742bf964a52068661fe3,
50397cf8e4b0ebdeac6b9d12,
4e592943813034cf45e2e10c,
4a02762ef964a52056711fe3,
53a37595498eac9e6410636a,
4fd6538f771670eb02e8fdd0,
46c72ec6f964a520164a1fe3,
4ffc67b9e4b03399861ab1f6,
4a608e27f964a520dec01fe3,
512933d4e4b092e6f19cd7fa,
4bdd6931f219c9b687861210,
4d704034812e2c0fd632ee7a,
50661f97e4b064a76bffe540,
501c737de4b0d7d701616e9b,
4f3217eb19836c91c7b521bf,
4b7ca121f964a520899e2fe3,
53fc9746498e6664d51336e2,
51215720e4b0655ff8773d7e,
543f2fc0498e4aa92ffa8e4a,
4d854c321923530cdfd7a4d0,
519e7df1454a553a6ba97267,
4acfe33df964a520b2d620e3,
502ce800e4b06888b5b79b44,
53b49681498e09de3ddd8d89,
49c648ccf964a5202f571fe3,
4a29339cf964a52066951fe3,
5382a1cd498e6914138ee2a4,
50e77804e4b0124eb51ee8,
539cda15498e07c1347055e1,
500f0d79e4b031973ed6d258,
4c943b6721c7199ce04f0f7f,
49e4d054f964a52053631fe3,
4c1d9b60eac020a1529848c2,
53d6d222498efc9bde533d3a,
4d7a4e6e25c5cbff23025333,
51d6115c498e750d5814781c,
45002281f964a520b2381fe3,
4bc90a84b6c49c74fbc48d91,
519784402fc6d4081c96c500,
4cdd6b189dd55941e4a1dd2e,
4e75086a1838f91889ab8423,
546e449c498e774b5c9b1467,
4be8c35ac5220f47f131aaca,
4ba40feff964a5206e7d38e3,
4fb7ee09e4b0d7125660d337,
5410a7cf498ede54e02ec03e,
4b8f005bf964a520b24333e3,
52f99ff9498ea3139b3795e2,
53b1c518498e46c70e6046d8,
49e78c97f964a520bb641fe3,
4d8345988de9721e0a0a1851,
4d8bc853571d5481874e302a,
4b32b573f964a5205a1225e3,
548bb879498e13d74f31067a,
4be9944fb3352d7f9a2354d2,
4a786995f964a5208ee51fe3,
54636ef5498e36ee54d43688,
4bb0a18af964a520af503ce3,
558421f4498e5fc3d0773c76,
443c9df964a520a1361fe3,
4bf59b5c4d5f20a1dec197fe,
4cddd0fd78ddf04d56a29698,
511cffcde4b077257fe421b2,
4adf1acaf964a520997721e3,
4e742c068998ed82a320eb,
514cfa2ae4b0e7ec6b6ffd13,
4adf1a1ff964a520957721e3,
4bfc0939d6f2c9b6e7984ec8,
5194115a498e8cb3e360394e,
49f8d685f964a5202a6d1fe3,
4a874e6ef964a520bd0320e3,
4a627ec5f964a5202bc41fe3,
50633e31e4b0d45e52f648aa,
512e8c65e4b05c066cf20f8a,
530a9361498eb0cfd91c11a9,
5523f394498eb90f6ce39bbc,
50c0f001f13605a6c2f96093,
412e7980f964a520f40c1fe3,
40be6a00f964a520ce001fe3,
54f11943498e7f1416f1bcae,
4c7acbe893ef236a62cdb30f,
4a90346cf964a520891620e3,
4db9fa69815445c8ca421516,
4d2bc01fec272d439c5d394c,
4f43a862e4b0c5334ec119b4,
49ff70cff964a52024701fe3,
5349b9498ef20282e11b4f,
54413c6a498e5781a7b10fc6,
40b13b00f964a52005f51ee3,
4ede37911081d87c69a943fd,
49f8d634f964a520286d1fe3,
4c557ba724e21e90d9c6f8,
40b13b00f964a5207bf41ee3,
5508c4ac498ee1716001d28c,
550df4bb498e50a8c90d8620,
52c0b3d5498e5a2a114572,
52b23ece11d2b05302f9e788,
4bc25bc34cdfc9b65e0d9621,
5207aa8111d28afd3b21cf3f,
547f3ea9498e4a242651b502,
4a413858f964a520f7a41fe3,
55ce9b19498e503bb0060c3e,
5151e88fe4b09ffa3c513caf,
50a93009e4b03f2b0962eaf2,
4bc6540fb387d13a65b1e8,
509be599e4b0376019479f59,
55425ebf498ee8401603a338,
528c1ecb11d2c3775a383090,
543ef371498ea794e948f288,
4d854f271923530cfef2a4d0,
5175c1a4e4b0ba1ae1053b92,
50c74401e0e2c0da8a4cb7,
52cb502711d2852334ee1092,
5544365c498eede8a250bac7,
4b22e526f964a520cc4f24e3,
541e011f498e989575905a41,
4a7ed67ff964a5202ff21fe3,
4ace9280f964a52042d120e3,
4a29c4cff964a520d9951fe3,
4b44d317f964a5204ffd25e3,
4e0fbefbfa76d62f4455d613,
4b38409ff964a5202d4d25e3,
52a6633f498ebbd8d49e6766,
553717bf498ed596602e8b9b,
4c0596608f8fa593de18f20d,
51b39469498e77488f55e430,
4faea774e4b08885ff5fe0f0,
45f140bcf964a520ca431fe3,
4cb0b3dacbab236a17cfa273,
4d44c397bf61a1cd27970cac,
4aef65bef964a5201ed821e3,
4b37f3d1f964a520274925e3,
4a57c9abf964a520cbb61fe3,
4161e400f964a520681d1fe3,
4b206b3ff964a520103224e3,
4a762d8af964a5207ce21fe3,
4af4b677f964a52054f521e3,
555fa470498efbaa5d7894a5,
53caf780498e85df6b1b8834,
54a7101c498eb46943224c11,
5529b1f3498e7f538585d472,
40b13b00f964a52047f71ee3,
53ce74e7498ee536a98f1940,
40b13b00f964a52031f41ee3,
54171297498e3d2a9d876590,
4ffb66d6e4b099cda146e1a3,
4c3b50185810a593cb73ba3c,
4e562f4cc65be3cea4621714,
4fa1622fe4b03a1030b13c5b,
4a581af5f964a52066b71fe3,
4a708600f964a520acd71fe3,
4a610fe2f964a520c0c11fe3,
49f99765f964a5207c6d1fe3,
4bd22974a8b3a593474d675f,
4aea2c1df964a520f4b921e3,
54ada558498e167754634fe6,
4b68e97ef964a520cd922be3,
47b859aef964a520b94d1fe3,
546d6c82498e1cad95af4a5e,
40b13b00f964a5206df71ee3,
4a6e4e04f964a52074d41fe3,
4a85fb08f964a520eaff1fe3,
4d9f8a00090da0937c28d9a8,
4b4b7da9f964a520c89d26e3,
54ad60d9498ec0e904acb640,
554984c2498eed234444931d,
4b3938f964a520e05825e3,
4a60f68af964a52091c11fe3,
4ccf78c83a28b713f3fbf505,
4b09f8d2f964a5209a2023e3,
51815c89498e1752e92b9f87,
46ac7600f964a52073491fe3,
4b4fb528f964a520e11127e3,
542c4bf1498efa8eed86d47a,
4a7374e3f964a5207f1fe3,
4a08bf4df964a52013741fe3,
530a551a498e841db25e23e8,
49ff7213f964a52025701fe3,
40b13b00f964a52016f51ee3,
4c26985d905a0f47979e6360,
40b13b00f964a520faf41ee3,
4a41148df964a520bea41fe3,
40b13b00f964a5200af51ee3,
519e7b17498ea05fb42f24b3,
3fd66200f964a520f7f01ee3,
5185a956498ef8b3e430f03f,
4bf0230ea09076b012a929d4,
44014894f964a5201d301fe3,
4a667bf9f964a520a4c81fe3,
531ba78a498ef895d33151a4,
4ac69b75f964a52067b520e3,
4ff2268ae4b09262c5b369e9,
54358475498e3a3f0382e3f4,
45b87852f964a520cd411fe3,
41ca0a80f964a520971e1fe3,
4a100544f964a5208a761fe3,
531bcbd6498e764e8f477180,
4a3191c9f964a520f3991fe3,
53a831e7498e1f19d247cd7f,
4f2180a9771617369d024028,
42323100f964a5200a201fe3,
523f7ba5498e0b3dde3552de,
5500a098498eb16bd093d576,
52bfa54511d24ad0407f10,
538cfe5d498eb2b43fb9c382,
55a7cc11498edd3b64caf6c4,
49ba7902f964a52069531fe3,
4f550010e4b0b5893ae0e984,
55781818498e506f812dda67,
5021a7f3e889f2f76df57b18,
5578e0a6498eee541888083a,
4f3ac7e6a17c224158f4a60d,
53c0609b498e6127c418e58e,
5227b7b911d2711d34236465,
5361a7d2498e09b8340e23bd,
51dd8aca498edf67b39a6e87,
524502e311d2da077aa30604,
53681a7c498ee9b4896ee63f,
51ae7e50498ec315c8981025,
4a521ce5f964a52045b11fe3,
51b0c426498e4f0309f9898f,
4cc8a6d3d338236ade139e7c,
544aedf0498ece3f8cc7d305,
52abbac7498ebee9a42c84fd,
4a761ec9f964a5204be21fe3,
4dfcd01aae6033b2a475c54d,
50e8d3dde4b036fe517f1de1,
51eeb328498e03e07f5374,
50f0d609e4b06fac78493c3e,
40b13b00f964a52017f41ee3,
4bf02697a09076b0aba929d4,
4a43936df964a52092a61fe3,
4b511095f964a520784027e3,
523db723498ed9c5e025a588,
4b79ebf3f964a5206b1a2fe3,
4a9d433af964a520093820e3,
49c2dbcef964a52034561fe3,
4a613961f964a5201ec21fe3,
4a612efaf964a5200ec21fe3,
4c6f467534443704bec8205f,
4b69bfaaf964a520b0b12be3,
42532680f964a520d0201fe3,
4df6441c1fc7b84e0ea88424,
4e923be6e5fa72f70fb2a2cc,
4d59ca4f296d5481aeca5cb1,
4ada0beaf964a520bb1d21e3,
544156de498e8d71416f550e,
49d90efaf964a520f95d1fe3,
4aeb82d5f964a520dbc221e3,
4e7e1d89f790c221155d07ac,
43cde17af964a520d62d1fe3,
5512d059498edf04fed686ad,
40b13b00f964a52086f41ee3,
3fd66200f964a520c3ed1ee3,
521e8caf11d2f3f244ed29bd,
4a27122ff964a52055911fe3,
3fd66200f964a520bbf11ee3,
52a3cd7c11d28c7fd2efbf3d,
54d164af498e9591c59c07c0,
53ecd9ca498e34b4978b56ee,
4d07f9926ba14392871617,
53aca827498e6360c16efdfe,
40b13b00f964a52020f41ee3,
42c9cd80f964a520e1251fe3,
4a6a974cf964a520c6cd1fe3,
3fd66200f964a520d3f11ee3,
4b23f59ef964a520da5d24e3,
4fe8ca6d8673de7472e8c4,
4a47de7ff964a52037aa1fe3,
52db30b3498ee02a02de26ac,
4bca91163740b7136c2e6165,
5216c3f47e48580636d26888,
55f5b1c1498e302d8bbb049b,
468e1270f964a52077481fe3,
40b13b00f964a5203cf41ee3,
4aa312f2f964a520384320e3,
4dffe7a1e4cd609e49af579e,
4a2bf0f2f964a520f6961fe3,
533c796c498e6453275abf09,
4d76e7f9aaf68cfa819e8fba,
49f4eb1bf964a520766b1fe3,
4ab985d1f964a520bb7f20e3,
4ccca0817c2ff04d14919a7e,
532a4560498ed970769e7ec9,
4c59ebf1d3aee21e8b766955,
4b998a0bf964a520d68135e3,
5332e38e11d2cbbb1d780009,
5008139de4b0f0cea8079e0d,
51b74ebc2fc623643f5b9d36,
51b3cf26498ecf6ac4e244ac,
4a3ff078f964a5201ea41fe3,
4bad5639f964a52082473be3,
4d94f61a7cfc1456720922f6,
52cdad38498e20249303409e,
519e57b8498e323cc7bbf978,
52955610498e0ada34641be1,
4b2138a6f964a5207b3824e3,
5216b1b511d2bf8016d6d544,
55f36f4d498e324dbab51405,
55328d00498eb3d281dd46ad,
4b36e891f964a5200f3e25e3,
4b550d30f964a52054d927e3,
40b3de00f964a5201c001fe3,
446c2f22f964a52062331fe3,
4e0e5e4022711665f6147875,
49c2f5fcf964a52046561fe3,
4ad7f346f964a520441021e3,
4da8f26d0cb6a89c624abd4f,
50196d4ae4b08d7eda26104c,
4ad66635f964a520040721e3,
4a06f546f964a5200e731fe3,
4b9edbc3f964a520b40637e3,
40b13b00f964a52028f51ee3,
5196cd14498e804c587d57cd,
4a2d9fc5f964a520d7971fe3,
4a74c186f964a5207cdf1fe3,
49baa2e8f964a5208e531fe3,
55523402498e177c176875af,
4d4b454ba154721e08df6ecf,
5129d66de4b0fb3839b6d45b,
53925023498e65d34f163702,
4b76267ef964a52036402ee3,
4f00c6656d8642ac2d4e3162,
4b3da928f964a5202c9625e3,
55e88e98498eb1a848817ae3,
54dceaea498e2dfd2bc191cf,
4b5ce5b3f964a5204929e3,
51d44b3c498e0edecda70abf,
4c7e7fa1bba35ebf9ae5,
49c158d1f964a520a0551fe3,
560c75e6498ea079363d1d08,
4adf9718f964a520e07b21e3,
49ea5038f964a5204d661fe3,
504b685ce4b0d1cf33a161b6,
4f6a6a49e4b0b949c41d717a,
519ff233498e30595d994f6a,
46528cd5f964a520ea461fe3,
55defe55498eb23a676830e1,
504bb030e4b09a443197c201,
5058ff35e4b0f189b2ec8f88,
4ac548b7f964a5205ab120e3,
4aad4d9ff964a520935f20e3,
4d9262d69213b1f769b7b146,
535af20c498ec5f19bf51534,
4b49312cf964a520876926e3,
4b182400f964a520a2cd23e3,
4ae24242f964a520868c21e3,
4b85da59f964a520607631e3,
55400457498e67383b7cf728,
45a0ab3cf964a520cd401fe3,
4d2662b3467d6ea88c91b395,
5574d02c498ef37461988733,
40b13b00f964a520b9f41ee3,
4b26d9c7f964a520f48124e3,
4e0dfaa662843e04afa691d6,
47b859cff964a520ba4d1fe3,
4b394bdff964a520175a25e3,
4e2775f4149554c7743046c8,
47b858faf964a520b84d1fe3,
43a12364f964a520262c1fe3,
4bf42f9a2d629521a5166058,
4d335d550c148eecefc5eb31,
54ad68c2498ea38c2e99a4d2,
5349bdc9498ef20282e11b4f,
4d326466eefa8cfa127436b3,
4ffc8d11e4b0cb44d9199ae7,
4b54b5e7f964a52056c827e3,
4f14a661e4b045626a5bbf1c,
51315ba8e4b01ac3addca8c1,
4ae28414f964a520cc8e21e3,
4c8a92cce51e6dcb4e376ade,
540a0ae8498e69e16e13c5e2,
54306031498ec8da8a0c3326,
5427772d498e2d89dfca0af2,
513a9d88e4b0dcaa86f3b270,
4f1b77aae4b04ae083323e98,
4b1b5ac0f964a520f2fa23e3,
53a4ea77498ecf309cf509b5,
544e8c84498e56fb6c132556,
4da1d752573d145650d8177d,
4c9a2327292a6dcb6732cc76,
556aaac8498e65c99bd22c1d,
4bd5e256637ba5935137f770,
4bd5c5da9649ce7222a7511d,
4a9f3100f964a520df3c20e3,
4cd35c7fa61c4688753bb328,
4a9f320af964a520e33c20e3,
51313919e4b041d1c8382d72,
4c101764ce57c928025381d2,
4eb2ff4edab4b138c5b16b1c,
4d4356843616b60c408ed8c2,
4d44bcb74e5d3704b65def93,
4cf92916de096dcbcdf18c79,
40b13b00f964a520baf41ee3,
560f241b498e90341db8f994,
4c6c58b0a437224bcf1e2ab1,
4a501f50f964a520fdaf1fe3,
533f5859498e6451ff8dd4b2,
54908244498e7e978c01aec2,
4b402376f964a52019b625e3,
40b13b00f964a520d5f41ee3,
4d7576050f588eecde5fc7c2,
55a3c161498e98f11e02ea1f,
544da994498e300a739708ee,
5110535dfe7050d46b5175cb,
4e742c068998ed82a3dc20eb,
4fb181cfe4b0da11f2f3d63a,
4adcfaecf964a520206321e3,
4f4d6633e4b0629e7a77d838,
4a7374e3f964a5207fdc1fe3,
4d5801b561e92d437e687568,
4d91ee6280d33704bc86a706,
555d394d498e47aafff0ca41,
51e47e35498ea9394a61fdba,
4d07f99dc26ba14392871617,
51af10c8498ea4cb1db1c7e4,
4b930a14f964a520b33034e3,
557212d6498e3cef8a90acf6,
49da7e32f964a5208d5e1fe3,
40f47780f964a520810a1fe3,
4a32f902f964a520d89a1fe3,
45fec67bf964a5208c441fe3,
40b13b00f964a5203ef41ee3,
55bfec7a498e4569aac6354a,
4a7396aef964a520e2dc1fe3,
4b6f785ff964a520d1f12ce3,
4ceed46d7db3224b3ab3292e,
4ba21ba0f964a52033dc37e3,
4cdf4b8870bba1cdcf0866c4,
53dec98a498ea67e4e1808a4,
4b060a44f964a520e4e722e3,
4bdc5fbfafe8c9b6131e4f85,
51a9566dc640178c2c31068e,
40b13b00f964a52013f51ee3,
554431e6498e731178a75e67,
4b48a291f964a5201e5126e3,
4e45d170aeb70e74f48ca985,
542a1a7a498ef4e6e7cbe1f7,
4a3db5cbf964a5209fa21fe3,
4dc828ee45dd264552b1d402,
5049729be4b00235e8286ada,
4a95d9a5f964a520072520e3,
4fe8dcca6d8673de7472e8c4,
450c3e56f964a52050391fe3,
557c7f73498edc5a016ea18e,
54c44e5f498ecb20e89832a3,
50ca02c5245f2d4aa8c2c3a4,
